chain,wild-type,res-number,mutant,distance-to-interface,mcsm-ppi2-prediction,affinity
L,LEU,129,ILE,3.213,-0.128,Decreasing
L,TRP,68,PHE,3.245,-1.177,Decreasing
L,GLY,131,ILE,3.804,-1.046,Decreasing
L,ASN,75,CYS,3.691,-0.416,Decreasing
S,ASN,487,MET,2.732,-0.922,Decreasing
S,GLY,485,MET,3.162,-0.917,Decreasing
S,GLU,484,ASN,2.498,-1.355,Decreasing
S,GLN,493,ILE,2.748,-0.276,Decreasing
S,GLY,476,SER,4.903,-0.099,Decreasing
L,ARG,124,LEU,2.676,-0.354,Decreasing
L,LEU,121,LYS,3.718,-0.595,Decreasing
L,GLY,131,VAL,3.804,-0.874,Decreasing
L,TYR,73,HIS,2.498,-1.621,Decreasing
S,ALA,475,ILE,4.83,0.123,Increasing
L,GLU,127,MET,3.876,-0.411,Decreasing
L,GLY,131,THR,3.804,-0.428,Decreasing
L,ASN,75,LEU,3.691,-0.289,Decreasing
S,VAL,483,THR,3.88,-0.087,Decreasing
S,SER,494,PHE,3.691,-0.16,Decreasing
L,TYR,130,CYS,3.475,-0.506,Decreasing
S,ALA,475,SER,4.83,0.272,Increasing
S,GLY,485,ALA,3.162,-0.834,Decreasing
L,GLU,127,TRP,3.876,1.534,Increasing
L,ASN,128,CYS,3.247,-0.376,Decreasing
L,ARG,77,SER,3.29,0.223,Increasing
S,CYS,488,VAL,3.076,-0.948,Decreasing
L,PRO,82,CYS,3.88,0.328,Increasing
S,PHE,456,ILE,4.003,-0.789,Decreasing
L,LEU,129,PRO,3.213,-0.249,Decreasing
S,PHE,490,GLN,3.29,-0.871,Decreasing
L,GLY,131,PHE,3.804,0.356,Increasing
S,ASN,487,ASP,2.732,-0.182,Decreasing
S,PHE,456,SER,4.003,-0.632,Decreasing
L,ASN,74,ASP,2.748,0.043,Increasing
L,TRP,68,SER,3.245,-0.92,Decreasing
L,ASN,75,TYR,3.691,-0.146,Decreasing
S,GLU,484,ILE,2.498,-1.12,Decreasing
L,ARG,124,GLU,2.676,-0.178,Decreasing
S,GLU,484,SER,2.498,-1.529,Decreasing
L,GLY,131,GLN,3.804,-1.223,Decreasing
S,GLY,476,PHE,4.903,-0.012,Decreasing
L,TYR,73,CYS,2.498,-1.9,Decreasing
S,LEU,455,CYS,3.718,-0.479,Decreasing
L,ARG,71,TYR,3.076,0.094,Increasing
S,VAL,483,SER,3.88,-0.278,Decreasing
S,TYR,489,PRO,2.676,-2.99,Decreasing
S,LEU,452,GLN,4.34,-0.095,Decreasing
L,GLU,127,PRO,3.876,0.18,Increasing
L,GLY,131,CYS,3.804,-1.035,Decreasing
S,VAL,483,ILE,3.88,0.073,Increasing
S,SER,477,THR,4.941,0.014,Increasing
L,SER,79,MET,2.652,-0.649,Decreasing
L,ASP,51,LEU,3.665,-0.277,Decreasing
S,TYR,449,SER,3.665,-0.904,Decreasing
S,GLY,485,THR,3.162,-1.07,Decreasing
L,PRO,82,HIS,3.88,-0.008,Decreasing
L,LEU,129,TRP,3.213,0.886,Increasing
L,ARG,77,PHE,3.29,-0.741,Decreasing
S,SER,477,ASN,4.941,0.032,Increasing
L,ASN,120,TYR,4.661,0.207,Increasing
S,PHE,490,ASN,3.29,-0.599,Decreasing
L,TRP,68,ASP,3.245,-1.021,Decreasing
L,ASN,74,GLN,2.748,-0.567,Decreasing
S,GLY,496,GLU,4.978,-0.484,Decreasing
L,ASP,119,ARG,4.297,-1.525,Decreasing
L,ARG,124,PRO,2.676,-0.701,Decreasing
S,LEU,455,HIS,3.718,-0.415,Decreasing
L,ASN,120,THR,4.661,-0.163,Decreasing
S,GLN,498,THR,4.064,-0.235,Decreasing
L,GLU,127,TYR,3.876,0.959,Increasing
S,LEU,455,VAL,3.718,-0.609,Decreasing
L,ASN,128,GLN,3.247,-0.385,Decreasing
S,CYS,488,SER,3.076,-1.264,Decreasing
S,GLN,498,ASN,4.064,0.098,Increasing
L,SER,79,THR,2.652,-0.263,Decreasing
S,TYR,449,HIS,3.665,-0.877,Decreasing
S,LEU,452,PHE,4.34,0.796,Increasing
L,PRO,82,GLN,3.88,0.081,Increasing
L,ARG,71,SER,3.076,-1.579,Decreasing
S,SER,477,ILE,4.941,-0.004,Decreasing
S,PHE,486,GLU,3.213,-1.259,Decreasing
S,ASN,487,ARG,2.732,-1.046,Decreasing
L,LEU,129,ASP,3.213,-0.169,Decreasing
L,TRP,68,ALA,3.245,-1.191,Decreasing
S,PHE,490,GLU,3.29,-1.003,Decreasing
S,CYS,488,PRO,3.076,-1.054,Decreasing
S,GLY,496,ASN,4.978,-0.767,Decreasing
S,GLN,493,LEU,2.748,-0.317,Decreasing
S,GLY,476,THR,4.903,-0.175,Decreasing
L,ARG,124,ILE,2.676,-0.374,Decreasing
L,LEU,121,VAL,3.718,-0.671,Decreasing
S,GLY,496,PRO,4.978,-0.721,Decreasing
L,ASP,51,GLU,3.665,-0.349,Decreasing
S,ALA,475,ASP,4.83,0.776,Increasing
L,GLY,131,ALA,3.804,-1.198,Decreasing
L,ASN,128,VAL,3.247,-0.294,Decreasing
S,GLN,498,GLY,4.064,-0.388,Decreasing
L,TYR,73,TRP,2.498,0.159,Increasing
S,SER,494,CYS,3.691,-0.262,Decreasing
L,TYR,130,HIS,3.475,-0.734,Decreasing
S,TYR,449,ALA,3.665,-0.871,Decreasing
S,GLY,485,PHE,3.162,-0.341,Decreasing
L,ASN,128,LEU,3.247,-0.27,Decreasing
L,ARG,77,HIS,3.29,-0.485,Decreasing
L,SER,79,ALA,2.652,-0.708,Decreasing
S,TYR,489,THR,2.676,-2.399,Decreasing
L,PRO,82,ASP,3.88,0.02,Increasing
S,PHE,456,ASP,4.003,-0.948,Decreasing
L,LEU,129,LYS,3.213,-0.041,Decreasing
L,ASP,51,GLN,3.665,-0.275,Decreasing
L,LEU,121,PHE,3.718,0.43,Increasing
L,ASN,74,CYS,2.748,-0.594,Decreasing
L,ASP,119,PRO,4.297,-1.174,Decreasing
S,GLU,484,LEU,2.498,-1.14,Decreasing
S,GLN,493,GLY,2.748,-0.534,Decreasing
L,ARG,124,ASN,2.676,-0.139,Decreasing
S,GLU,484,VAL,2.498,-1.255,Decreasing
L,LEU,121,MET,3.718,-0.408,Decreasing
S,GLY,496,TYR,4.978,0.108,Increasing
L,TYR,73,PHE,2.498,-1.436,Decreasing
L,GLU,127,LYS,3.876,-0.794,Decreasing
S,LEU,455,ASP,3.718,-0.552,Decreasing
L,ASN,120,ARG,4.661,-0.4,Decreasing
S,SER,494,HIS,3.691,0.308,Increasing
L,TYR,130,ALA,3.475,-0.704,Decreasing
S,ALA,475,GLN,4.83,0.383,Increasing
S,LEU,452,THR,4.34,-0.099,Decreasing
L,ASN,128,GLU,3.247,-0.222,Decreasing
L,ARG,77,GLN,3.29,-0.409,Decreasing
S,VAL,483,LEU,3.88,-0.159,Decreasing
L,SER,79,HIS,2.652,0.051,Increasing
S,PHE,486,TRP,3.213,-0.127,Decreasing
S,TYR,449,THR,3.665,-0.864,Decreasing
L,PRO,82,MET,3.88,0.193,Increasing
L,ASN,120,LEU,4.661,-0.241,Decreasing
L,LEU,129,ARG,3.213,-0.48,Decreasing
S,PHE,490,SER,3.29,-0.586,Decreasing
S,ASN,487,PHE,2.732,-0.472,Decreasing
S,PHE,456,GLN,4.003,-0.515,Decreasing
L,ASN,75,PRO,3.691,-0.258,Decreasing
S,PHE,490,ILE,3.29,-1.01,Decreasing
S,PHE,486,GLN,3.213,-0.789,Decreasing
L,ARG,124,GLY,2.676,-0.458,Decreasing
S,GLU,484,GLN,2.498,-1.437,Decreasing
L,LEU,121,ASP,3.718,-0.684,Decreasing
L,TYR,73,ALA,2.498,-1.908,Decreasing
S,LEU,455,MET,3.718,-0.638,Decreasing
S,GLN,498,TYR,4.064,0.972,Increasing
S,LEU,452,SER,4.34,-0.162,Decreasing
S,VAL,483,LYS,3.88,-0.206,Decreasing
S,SER,477,ARG,4.941,0.097,Increasing
S,SER,494,TRP,3.691,0.2,Increasing
L,ASP,51,ASN,3.665,-0.34,Decreasing
S,TYR,449,MET,3.665,-0.944,Decreasing
S,LEU,452,ILE,4.34,-0.398,Decreasing
L,LEU,129,TYR,3.213,0.764,Increasing
L,ARG,77,ASP,3.29,-0.358,Decreasing
S,SER,477,LEU,4.941,-0.08,Decreasing
S,CYS,488,GLU,3.076,-1.173,Decreasing
L,ASN,74,MET,2.748,-0.436,Decreasing
L,TRP,68,LEU,3.245,-1.199,Decreasing
L,ASN,74,TRP,2.748,0.04,Increasing
L,ARG,71,ASN,3.076,-1.729,Decreasing
L,ASP,119,ALA,4.297,-1.79,Decreasing
L,ARG,124,HIS,2.676,-0.369,Decreasing
S,GLY,496,LYS,4.978,-0.341,Decreasing
S,GLN,493,SER,2.748,0.875,Increasing
S,GLY,476,ILE,4.903,-0.107,Decreasing
L,LEU,121,GLN,3.718,-0.492,Decreasing
S,GLN,498,ARG,4.064,-0.142,Decreasing
L,TYR,130,SER,3.475,-0.368,Decreasing
S,ALA,475,CYS,4.83,0.122,Increasing
L,GLU,127,GLY,3.876,-0.427,Decreasing
S,LEU,455,PRO,3.718,-0.763,Decreasing
L,ASN,128,SER,3.247,-0.277,Decreasing
L,ASN,120,PRO,4.661,-0.261,Decreasing
S,GLN,498,LEU,4.064,-0.195,Decreasing
L,TYR,130,MET,3.475,-0.49,Decreasing
S,TYR,489,ASP,2.676,-2.936,Decreasing
L,ASN,128,ILE,3.247,-0.208,Decreasing
L,ASN,75,VAL,3.691,-0.276,Decreasing
S,SER,477,GLY,4.941,-0.226,Decreasing
S,TYR,489,GLN,2.676,-2.445,Decreasing
S,GLY,485,PRO,3.162,-0.995,Decreasing
S,ASN,487,THR,2.732,-0.981,Decreasing
S,PHE,456,CYS,4.003,-0.793,Decreasing
L,ASP,119,HIS,4.297,-0.554,Decreasing
L,TRP,68,CYS,3.245,-1.031,Decreasing
S,PHE,490,GLY,3.29,-1.263,Decreasing
L,ASP,119,SER,4.297,-1.003,Decreasing
L,SER,79,ASP,2.652,0.119,Increasing
L,TRP,68,TYR,3.245,-0.636,Decreasing
S,GLU,484,CYS,2.498,-1.469,Decreasing
S,GLY,496,LEU,4.978,-0.543,Decreasing
S,GLY,476,VAL,4.903,-0.168,Decreasing
S,TYR,489,ILE,2.676,-2.344,Decreasing
L,TYR,73,SER,2.498,-1.679,Decreasing
L,ARG,124,LYS,2.676,-0.56,Decreasing
L,LEU,121,HIS,3.718,-0.265,Decreasing
S,GLY,496,VAL,4.978,-0.361,Decreasing
L,TYR,73,MET,2.498,-1.915,Decreasing
S,LEU,455,TYR,3.718,0.673,Increasing
L,PRO,82,ALA,3.88,-0.109,Decreasing
S,VAL,483,TYR,3.88,0.234,Increasing
S,GLN,498,GLU,4.064,-0.046,Decreasing
S,SER,494,GLU,3.691,-0.138,Decreasing
L,TYR,130,PHE,3.475,-0.002,Decreasing
S,TYR,449,CYS,3.665,-0.842,Decreasing
S,GLY,485,ASP,3.162,-1.357,Decreasing
L,ARG,71,LYS,3.076,-1.706,Decreasing
L,ARG,71,CYS,3.076,-1.664,Decreasing
L,ARG,77,VAL,3.29,-0.709,Decreasing
L,SER,79,GLY,2.652,-0.9,Decreasing
L,ASP,51,VAL,3.665,-0.299,Decreasing
S,TYR,489,VAL,2.676,-2.48,Decreasing
L,PRO,82,PHE,3.88,0.394,Increasing
L,ASN,120,ILE,4.661,-0.112,Decreasing
L,LEU,129,MET,3.213,0.205,Increasing
S,GLY,485,HIS,3.162,-0.868,Decreasing
S,ASN,487,ALA,2.732,-1.105,Decreasing
L,ASN,74,ALA,2.748,-0.563,Decreasing
L,TRP,68,PRO,3.245,-1.485,Decreasing
S,GLN,493,GLU,2.748,-0.039,Decreasing
L,ARG,71,LEU,3.076,-1.578,Decreasing
S,GLU,484,THR,2.498,-1.599,Decreasing
L,ASN,75,LYS,3.691,-0.626,Decreasing
S,GLY,476,GLU,4.903,0.023,Increasing
L,TYR,73,ASP,2.498,-2.341,Decreasing
S,ALA,475,MET,4.83,0.016,Increasing
L,GLU,127,ILE,3.876,-0.323,Decreasing
S,LEU,455,PHE,3.718,0.68,Increasing
S,VAL,483,PRO,3.88,-1.328,Decreasing
L,PRO,82,TYR,3.88,0.394,Increasing
S,ALA,475,TRP,4.83,1.292,Increasing
S,LEU,452,VAL,4.34,-0.448,Decreasing
L,GLU,127,SER,3.876,-0.705,Decreasing
L,ASN,128,GLY,3.247,-0.328,Decreasing
S,VAL,483,ASN,3.88,-0.243,Decreasing
S,SER,477,TYR,4.941,0.174,Increasing
L,SER,79,ASN,2.652,0.621,Increasing
S,SER,494,PRO,3.691,0.022,Increasing
S,CYS,488,ARG,3.076,-1.086,Decreasing
S,TYR,449,VAL,3.665,-0.876,Decreasing
S,GLY,485,TRP,3.162,-0.213,Decreasing
S,PHE,456,MET,4.003,-0.727,Decreasing
L,LEU,129,THR,3.213,-0.198,Decreasing
L,ASN,75,THR,3.691,-0.375,Decreasing
L,ARG,77,TRP,3.29,-0.696,Decreasing
S,GLY,485,ARG,3.162,-1.424,Decreasing
S,PHE,456,TRP,4.003,-0.312,Decreasing
L,ASN,74,HIS,2.748,0.055,Increasing
L,ASN,75,ARG,3.691,-0.392,Decreasing
S,PHE,490,LYS,3.29,-0.619,Decreasing
L,ASN,120,LYS,4.661,-0.739,Decreasing
L,ASN,74,ARG,2.748,-0.676,Decreasing
L,ASP,119,CYS,4.297,-1.55,Decreasing
L,ARG,71,THR,3.076,-1.682,Decreasing
L,GLY,131,MET,3.804,-1.021,Decreasing
S,GLN,493,VAL,2.748,-0.337,Decreasing
L,LEU,129,PHE,3.213,0.768,Increasing
S,TYR,489,TRP,2.676,-0.371,Decreasing
L,ASP,119,TYR,4.297,0.279,Increasing
S,GLN,498,TRP,4.064,-0.029,Decreasing
L,ASP,119,VAL,4.297,-0.802,Decreasing
S,VAL,483,GLU,3.88,-0.345,Decreasing
S,SER,477,PRO,4.941,-0.136,Decreasing
L,SER,79,GLN,2.652,-0.232,Decreasing
S,SER,494,TYR,3.691,0.143,Increasing
S,CYS,488,TYR,3.076,0.066,Increasing
L,ASN,120,PHE,4.661,-0.188,Decreasing
S,LEU,452,LYS,4.34,0.352,Increasing
L,PRO,82,THR,3.88,0.089,Increasing
L,ARG,71,VAL,3.076,-1.703,Decreasing
L,GLY,131,ASP,3.804,-1.352,Decreasing
L,ASP,51,THR,3.665,0.099,Increasing
S,CYS,488,GLY,3.076,-1.355,Decreasing
L,LEU,129,ALA,3.213,-0.314,Decreasing
L,TRP,68,ASN,3.245,-0.832,Decreasing
S,GLU,484,PHE,2.498,-0.468,Decreasing
S,GLY,496,ILE,4.978,-0.447,Decreasing
S,GLY,476,LYS,4.903,-0.211,Decreasing
L,TYR,73,VAL,2.498,-1.932,Decreasing
L,ARG,124,THR,2.676,-0.406,Decreasing
L,LEU,121,SER,3.718,-0.451,Decreasing
S,GLY,496,SER,4.978,-0.423,Decreasing
S,GLN,498,PRO,4.064,-0.732,Decreasing
L,TYR,130,GLN,3.475,-0.477,Decreasing
S,LEU,455,ARG,3.718,-0.366,Decreasing
L,TYR,130,LYS,3.475,-0.423,Decreasing
S,TYR,449,ASP,3.665,-1.049,Decreasing
S,GLY,485,TYR,3.162,-0.287,Decreasing
L,ASN,128,LYS,3.247,-0.54,Decreasing
L,ARG,77,LYS,3.29,-0.324,Decreasing
S,SER,477,GLU,4.941,0.419,Increasing
S,PHE,486,ILE,3.213,-1.151,Decreasing
S,ASN,487,VAL,2.732,-0.882,Decreasing
S,PHE,456,ALA,4.003,-0.783,Decreasing
L,LEU,129,HIS,3.213,-0.247,Decreasing
L,TRP,68,GLU,3.245,-1.029,Decreasing
S,PHE,490,TYR,3.29,0.575,Increasing
L,ASP,51,PHE,3.665,-0.082,Decreasing
S,ASN,487,LEU,2.732,-0.866,Decreasing
L,GLU,127,HIS,3.876,-0.062,Decreasing
S,GLU,484,ALA,2.498,-1.59,Decreasing
S,GLN,493,HIS,2.748,0.27,Increasing
S,GLY,476,PRO,4.903,-0.422,Decreasing
L,TYR,73,GLN,2.498,-1.821,Decreasing
L,ARG,124,MET,2.676,-0.223,Decreasing
S,GLY,496,THR,4.978,-0.401,Decreasing
L,ASP,119,TRP,4.297,0.508,Increasing
L,TYR,73,LYS,2.498,-1.765,Decreasing
S,ALA,475,HIS,4.83,0.4,Increasing
L,ASN,75,ALA,3.691,-0.227,Decreasing
L,GLU,127,ASN,3.876,-0.723,Decreasing
L,ASP,119,PHE,4.297,-0.303,Decreasing
S,GLN,498,CYS,4.064,-0.308,Decreasing
S,SER,494,GLY,3.691,-0.382,Decreasing
L,TYR,130,ASP,3.475,-0.653,Decreasing
S,ALA,475,ARG,4.83,0.325,Increasing
S,LEU,452,TYR,4.34,0.539,Increasing
L,ASP,119,ILE,4.297,-0.757,Decreasing
L,ARG,77,THR,3.29,-0.499,Decreasing
L,SER,79,GLU,2.652,0.016,Increasing
S,TYR,489,HIS,2.676,-1.951,Decreasing
L,ASN,120,ASP,4.661,-0.009,Decreasing
S,PHE,456,HIS,4.003,0.04,Increasing
S,PHE,490,PRO,3.29,-1.764,Decreasing
S,ASN,487,CYS,2.732,-1.114,Decreasing
S,PHE,456,ARG,4.003,-0.488,Decreasing
L,ASN,74,GLY,2.748,-0.542,Decreasing
S,GLY,485,LEU,3.162,-0.958,Decreasing
S,GLU,484,HIS,2.498,-0.795,Decreasing
S,GLN,493,CYS,2.748,-0.545,Decreasing
S,CYS,488,ASN,3.076,-1.365,Decreasing
S,GLY,476,TYR,4.903,0.11,Increasing
S,GLU,484,ARG,2.498,-1.809,Decreasing
L,LEU,121,ALA,3.718,-0.678,Decreasing
L,GLY,131,PRO,3.804,-0.846,Decreasing
L,ARG,71,HIS,3.076,-0.691,Decreasing
S,VAL,483,ARG,3.88,-0.431,Decreasing
S,SER,494,LEU,3.691,-0.304,Decreasing
S,LEU,452,PRO,4.34,-0.441,Decreasing
L,GLU,127,GLN,3.876,-0.67,Decreasing
L,ASN,128,TYR,3.247,0.253,Increasing
S,VAL,483,HIS,3.88,-0.168,Decreasing
S,SER,477,TRP,4.941,0.283,Increasing
L,SER,79,LEU,2.652,-0.583,Decreasing
S,SER,494,ARG,3.691,-0.062,Decreasing
S,TYR,489,ALA,2.676,-2.561,Decreasing
S,TYR,449,PRO,3.665,-1.944,Decreasing
S,LEU,452,ASN,4.34,-0.136,Decreasing
L,PRO,82,ILE,3.88,0.227,Increasing
L,LEU,129,VAL,3.213,-0.31,Decreasing
L,ARG,77,GLY,3.29,-0.522,Decreasing
S,PHE,490,TRP,3.29,0.896,Increasing
S,TYR,489,ASN,2.676,-2.499,Decreasing
L,ASN,120,VAL,4.661,-0.181,Decreasing
L,TRP,68,ILE,3.245,-1.097,Decreasing
S,PHE,490,MET,3.29,-0.985,Decreasing
S,GLY,485,VAL,3.162,-0.982,Decreasing
L,ASN,74,PRO,2.748,-0.414,Decreasing
S,GLY,496,PHE,4.978,-0.026,Decreasing
S,GLN,493,THR,2.748,-0.446,Decreasing
L,ASP,51,MET,3.665,-0.302,Decreasing
S,GLY,476,LEU,4.903,-0.202,Decreasing
L,ARG,124,GLN,2.676,-0.035,Decreasing
S,LEU,455,ILE,3.718,-0.591,Decreasing
L,ASN,75,MET,3.691,-0.285,Decreasing
S,TYR,489,SER,2.676,-2.373,Decreasing
L,TYR,130,VAL,3.475,-0.688,Decreasing
S,LEU,455,TRP,3.718,0.168,Increasing
S,VAL,483,GLY,3.88,-0.368,Decreasing
L,SER,79,TRP,2.652,-0.428,Decreasing
S,TYR,489,PHE,2.676,-1.349,Decreasing
S,TYR,449,ILE,3.665,-0.856,Decreasing
S,LEU,452,GLU,4.34,-0.387,Decreasing
L,PRO,82,VAL,3.88,0.038,Increasing
L,ARG,71,PRO,3.076,-2.319,Decreasing
S,PHE,486,SER,3.213,-0.784,Decreasing
S,SER,477,HIS,4.941,0.103,Increasing
S,CYS,488,ALA,3.076,-1.367,Decreasing
S,ASN,487,GLN,2.732,-1.055,Decreasing
L,LEU,129,CYS,3.213,-0.409,Decreasing
L,ASN,75,GLU,3.691,-0.067,Decreasing
L,ASP,119,LEU,4.297,-0.959,Decreasing
S,PHE,490,ASP,3.29,-1.264,Decreasing
S,GLU,484,ASP,2.498,0.85,Increasing
L,TYR,73,THR,2.498,-1.762,Decreasing
L,ARG,124,VAL,2.676,-0.497,Decreasing
S,GLY,496,GLN,4.978,-0.357,Decreasing
L,ASN,120,TRP,4.661,-0.038,Decreasing
L,TYR,73,ASN,2.498,-0.874,Decreasing
S,ALA,475,GLY,4.83,-0.186,Decreasing
L,GLU,127,CYS,3.876,-0.6,Decreasing
L,ASN,128,TRP,3.247,0.207,Increasing
L,TRP,68,HIS,3.245,-1.054,Decreasing
S,GLN,498,HIS,4.064,0.034,Increasing
L,TYR,130,ILE,3.475,-0.697,Decreasing
S,TYR,449,PHE,3.665,-0.474,Decreasing
L,ASN,128,MET,3.247,-0.298,Decreasing
L,ARG,77,ILE,3.29,-0.641,Decreasing
S,SER,477,CYS,4.941,-0.177,Decreasing
S,CYS,488,HIS,3.076,-0.615,Decreasing
L,PRO,82,GLU,3.88,-0.041,Decreasing
S,PHE,456,GLY,4.003,-1.015,Decreasing
L,ARG,71,GLY,3.076,-1.799,Decreasing
L,TRP,68,GLY,3.245,-1.225,Decreasing
S,TYR,489,LEU,2.676,-2.316,Decreasing
L,ARG,77,MET,3.29,-0.49,Decreasing
S,GLN,493,PHE,2.748,-0.026,Decreasing
S,GLY,476,ARG,4.903,-0.469,Decreasing
L,GLY,131,TRP,3.804,-0.176,Decreasing
L,PRO,82,SER,3.88,-0.037,Decreasing
L,TYR,73,ILE,2.498,-1.87,Decreasing
S,ALA,475,ASN,4.83,0.374,Increasing
L,GLU,127,LEU,3.876,-0.229,Decreasing
S,LEU,455,GLU,3.718,-0.612,Decreasing
S,GLN,498,ALA,4.064,-0.336,Decreasing
S,SER,494,ILE,3.691,-0.077,Decreasing
S,ALA,475,PRO,4.83,-0.09,Decreasing
L,ASP,51,HIS,3.665,0.012,Increasing
L,GLU,127,VAL,3.876,-0.417,Decreasing
L,ASP,51,GLY,3.665,-0.256,Decreasing
L,SER,79,LYS,2.652,-0.165,Decreasing
S,CYS,488,TRP,3.076,-0.204,Decreasing
L,ASP,51,ARG,3.665,-0.368,Decreasing
S,PHE,456,ASN,4.003,-0.558,Decreasing
L,LEU,129,GLN,3.213,-0.412,Decreasing
S,PHE,490,ARG,3.29,-0.538,Decreasing
L,ASN,120,GLN,4.661,-0.379,Decreasing
S,ASN,487,GLU,2.732,-0.822,Decreasing
S,PHE,456,PRO,4.003,-1.728,Decreasing
L,ASN,74,GLU,2.748,-0.244,Decreasing
L,TRP,68,THR,3.245,-0.855,Decreasing
S,PHE,490,HIS,3.29,-0.958,Decreasing
L,ASN,75,PHE,3.691,-0.212,Decreasing
S,GLN,493,ALA,2.748,-0.641,Decreasing
L,ARG,124,ASP,2.676,-0.217,Decreasing
S,GLU,484,PRO,2.498,-1.274,Decreasing
L,LEU,121,CYS,3.718,-0.572,Decreasing
S,GLY,496,CYS,4.978,-0.506,Decreasing
S,GLY,476,ALA,4.903,-0.19,Decreasing
L,LEU,121,TYR,3.718,0.3,Increasing
S,SER,494,ASN,3.691,-0.256,Decreasing
S,LEU,452,ARG,4.34,-0.031,Decreasing
L,GLY,131,TYR,3.804,1.196,Increasing
L,ASN,75,SER,3.691,0.098,Increasing
L,SER,79,ARG,2.652,-0.139,Decreasing
S,SER,494,THR,3.691,0.733,Increasing
S,PHE,486,TYR,3.213,-0.819,Decreasing
S,TYR,449,ARG,3.665,-0.878,Decreasing
S,LEU,452,HIS,4.34,-0.225,Decreasing
L,PRO,82,LYS,3.88,0.01,Increasing
L,ARG,77,GLU,3.29,-0.286,Decreasing
S,CYS,488,ASP,3.076,-1.378,Decreasing
L,ASN,74,LEU,2.748,-0.448,Decreasing
L,TRP,68,LYS,3.245,-0.842,Decreasing
S,PHE,486,PRO,3.213,-1.463,Decreasing
L,ASN,74,VAL,2.748,-0.382,Decreasing
S,GLY,496,ASP,4.978,0.696,Increasing
S,GLN,493,ARG,2.748,-0.543,Decreasing
S,GLY,476,ASN,4.903,-0.151,Decreasing
L,ARG,124,SER,2.676,-0.129,Decreasing
S,LEU,455,LYS,3.718,-0.29,Decreasing
L,LEU,121,PRO,3.718,-0.306,Decreasing
S,PHE,486,VAL,3.213,-1.067,Decreasing
S,GLN,498,SER,4.064,-0.179,Decreasing
L,TYR,130,THR,3.475,-0.348,Decreasing
L,ASN,120,MET,4.661,-0.359,Decreasing
S,LEU,455,GLN,3.718,-0.366,Decreasing
L,ASN,128,PRO,3.247,-0.383,Decreasing
S,VAL,483,ALA,3.88,-0.171,Decreasing
S,GLN,498,MET,4.064,-0.231,Decreasing
L,ASP,51,SER,3.665,0.118,Increasing
L,TYR,130,ASN,3.475,-0.347,Decreasing
S,TYR,449,LYS,3.665,-0.889,Decreasing
S,LEU,452,GLY,4.34,-0.409,Decreasing
L,ASN,120,GLY,4.661,-0.215,Decreasing
L,ARG,77,ASN,3.29,-0.342,Decreasing
S,SER,477,PHE,4.941,0.08,Increasing
S,PHE,486,ASP,3.213,-1.338,Decreasing
S,ASN,487,SER,2.732,-0.796,Decreasing
L,ASN,120,ALA,4.661,-0.261,Decreasing
L,LEU,129,GLU,3.213,-0.621,Decreasing
L,ASN,75,GLY,3.691,-0.402,Decreasing
S,ASN,487,ILE,2.732,-0.702,Decreasing
L,ASN,74,TYR,2.748,0.415,Increasing
L,ARG,71,ILE,3.076,-1.28,Decreasing
L,ASP,51,TYR,3.665,0.176,Increasing
L,GLY,131,LEU,3.804,-1.027,Decreasing
S,GLY,496,MET,4.978,-0.32,Decreasing
S,GLN,493,MET,2.748,-0.235,Decreasing
S,GLY,476,TRP,4.903,0.356,Increasing
L,TYR,73,ARG,2.498,-1.564,Decreasing
L,ASP,51,ALA,3.665,-0.439,Decreasing
L,LEU,121,TRP,3.718,0.594,Increasing
S,GLY,496,TRP,4.978,0.223,Increasing
L,TYR,73,LEU,2.498,-1.818,Decreasing
S,ALA,475,GLU,4.83,0.756,Increasing
L,GLU,127,ALA,3.876,-0.524,Decreasing
S,PHE,486,LEU,3.213,-0.319,Decreasing
L,ASN,120,SER,4.661,-0.19,Decreasing
S,GLN,498,PHE,4.064,-0.055,Decreasing
L,TYR,130,GLY,3.475,-0.729,Decreasing
S,GLY,485,GLU,3.162,-1.307,Decreasing
L,ASP,119,GLU,4.297,-0.716,Decreasing
L,ASP,119,MET,4.297,-1.099,Decreasing
L,ASN,75,GLN,3.691,-0.299,Decreasing
S,SER,477,ALA,4.941,-0.189,Decreasing
L,SER,79,PHE,2.652,-0.414,Decreasing
S,PHE,486,MET,3.213,-1.071,Decreasing
L,PRO,82,GLY,3.88,-0.224,Decreasing
S,PHE,456,GLU,4.003,-0.973,Decreasing
L,ARG,71,ALA,3.076,-1.741,Decreasing
S,ASN,487,HIS,2.732,-0.443,Decreasing
S,GLU,484,MET,2.498,-1.153,Decreasing
S,GLN,493,ASP,2.748,-0.264,Decreasing
S,PHE,486,ARG,3.213,-0.975,Decreasing
L,ARG,124,ALA,2.676,-0.379,Decreasing
S,GLU,484,TRP,2.498,-0.392,Decreasing
L,LEU,121,ASN,3.718,-0.559,Decreasing
L,TYR,73,GLY,2.498,-1.981,Decreasing
S,ALA,475,LEU,4.83,0.073,Increasing
S,LEU,455,GLY,3.718,-0.636,Decreasing
L,ARG,71,ASP,3.076,-1.783,Decreasing
S,VAL,483,TRP,3.88,0.571,Increasing
S,SER,494,LYS,3.691,-0.21,Decreasing
S,ALA,475,VAL,4.83,0.058,Increasing
S,GLY,485,ASN,3.162,-1.1,Decreasing
L,GLU,127,THR,3.876,-0.723,Decreasing
L,ASN,128,ASP,3.247,-0.302,Decreasing
L,ARG,77,PRO,3.29,-0.729,Decreasing
S,VAL,483,MET,3.88,-0.171,Decreasing
L,ASP,51,LYS,3.665,-0.259,Decreasing
L,SER,79,ILE,2.652,-0.762,Decreasing
S,SER,494,GLN,3.691,-0.31,Decreasing
S,CYS,488,GLN,3.076,-1.177,Decreasing
S,TYR,449,TRP,3.665,-0.33,Decreasing
L,PRO,82,LEU,3.88,0.277,Increasing
S,PHE,456,LEU,4.003,-0.483,Decreasing
L,LEU,129,SER,3.213,-0.209,Decreasing
S,PHE,490,THR,3.29,-0.652,Decreasing
S,ASN,487,GLY,2.732,-1.097,Decreasing
S,PHE,456,VAL,4.003,-0.815,Decreasing
L,ASN,74,LYS,2.748,-1.1,Decreasing
L,TRP,68,VAL,3.245,-1.086,Decreasing
L,GLY,131,HIS,3.804,-0.677,Decreasing
L,ARG,124,PHE,2.676,-0.366,Decreasing
L,GLY,131,ASN,3.804,-0.731,Decreasing
L,LEU,121,GLU,3.718,-0.675,Decreasing
S,GLY,496,ALA,4.978,-0.338,Decreasing
S,GLN,493,TYR,2.748,0.173,Increasing
S,GLY,476,CYS,4.903,-0.184,Decreasing
L,ASP,51,ILE,3.665,-0.269,Decreasing
S,TYR,489,LYS,2.676,-2.217,Decreasing
S,ALA,475,TYR,4.83,0.764,Increasing
L,ARG,77,TYR,3.29,-0.233,Decreasing
S,VAL,483,ASP,3.88,-0.336,Decreasing
L,SER,79,PRO,2.652,-0.746,Decreasing
S,SER,494,VAL,3.691,-0.131,Decreasing
S,TYR,489,GLU,2.676,-2.85,Decreasing
S,TYR,449,LEU,3.665,-0.865,Decreasing
S,GLY,485,GLN,3.162,-1.229,Decreasing
L,ASP,119,GLY,4.297,-1.005,Decreasing
L,ARG,71,TRP,3.076,2.067,Increasing
L,TRP,68,ARG,3.245,-0.743,Decreasing
S,SER,477,MET,4.941,-0.059,Decreasing
S,CYS,488,PHE,3.076,-0.361,Decreasing
S,PHE,456,TYR,4.003,0.329,Increasing
L,ARG,71,MET,3.076,-1.737,Decreasing
L,TRP,68,MET,3.245,-1.196,Decreasing
L,ASP,51,TRP,3.665,0.372,Increasing
S,PHE,490,ALA,3.29,-1.032,Decreasing
L,ASP,119,LYS,4.297,-1.525,Decreasing
L,ASN,74,THR,2.748,-0.465,Decreasing
S,GLU,484,TYR,2.498,-0.416,Decreasing
S,GLN,493,PRO,2.748,-0.417,Decreasing
S,GLY,476,HIS,4.903,-0.058,Decreasing
S,CYS,488,LYS,3.076,-1.039,Decreasing
L,ARG,77,CYS,3.29,-0.772,Decreasing
L,LEU,121,ARG,3.718,-0.674,Decreasing
L,TYR,130,ARG,3.475,-0.124,Decreasing
L,GLU,127,PHE,3.876,0.561,Increasing
S,LEU,455,SER,3.718,0.116,Increasing
L,ASN,128,ARG,3.247,-0.221,Decreasing
S,VAL,483,CYS,3.88,-0.19,Decreasing
S,GLN,498,LYS,4.064,-0.232,Decreasing
S,CYS,488,LEU,3.076,-0.8,Decreasing
L,TYR,130,LEU,3.475,-0.709,Decreasing
S,TYR,449,GLU,3.665,-1.015,Decreasing
S,LEU,452,ALA,4.34,-0.374,Decreasing
L,PRO,82,ARG,3.88,-0.145,Decreasing
L,ASN,128,HIS,3.247,0.252,Increasing
L,ARG,77,LEU,3.29,-0.654,Decreasing
S,SER,477,ASP,4.941,0.459,Increasing
S,PHE,486,ALA,3.213,-1.055,Decreasing
S,CYS,488,MET,3.076,-0.948,Decreasing
L,ASN,120,CYS,4.661,-0.528,Decreasing
L,LEU,129,GLY,3.213,-0.446,Decreasing
S,GLY,485,ILE,3.162,-0.829,Decreasing
S,ASN,487,LYS,2.732,-1.254,Decreasing
L,GLY,131,GLU,3.804,-1.26,Decreasing
S,GLN,493,LYS,2.748,-0.851,Decreasing
S,GLY,476,GLN,4.903,-0.167,Decreasing
L,TYR,73,PRO,2.498,-2.413,Decreasing
L,LEU,121,ILE,3.718,-0.555,Decreasing
L,ASN,75,HIS,3.691,-0.151,Decreasing
S,ALA,475,LYS,4.83,0.269,Increasing
S,GLN,498,ASP,4.064,-0.114,Decreasing
S,SER,494,ASP,3.691,1.181,Increasing
L,TYR,130,GLU,3.475,-0.461,Decreasing
S,GLY,485,CYS,3.162,-1.053,Decreasing
L,ASN,128,ALA,3.247,-0.369,Decreasing
L,ASP,51,CYS,3.665,-0.477,Decreasing
S,CYS,488,THR,3.076,-1.35,Decreasing
S,TYR,489,CYS,2.676,-2.434,Decreasing
S,PHE,456,LYS,4.003,-0.654,Decreasing
L,LEU,129,ASN,3.213,-0.332,Decreasing
L,ASN,75,TRP,3.691,-0.14,Decreasing
S,GLY,485,SER,3.162,-0.945,Decreasing
L,ASN,74,PHE,2.748,-0.105,Decreasing
L,TRP,68,GLN,3.245,-0.948,Decreasing
S,GLU,484,LYS,2.498,-1.801,Decreasing
L,ARG,124,CYS,2.676,-0.158,Decreasing
L,GLY,131,SER,3.804,-1.031,Decreasing
L,ASN,75,ILE,3.691,-0.224,Decreasing
S,GLY,476,ASP,4.903,-0.118,Decreasing
S,PHE,486,ASN,3.213,-0.824,Decreasing
L,TYR,73,GLU,2.498,-2.105,Decreasing
L,ARG,124,TYR,2.676,0.034,Increasing
L,ASP,119,ASN,4.297,-1.278,Decreasing
S,LEU,455,ALA,3.718,-0.68,Decreasing
S,VAL,483,GLN,3.88,-0.257,Decreasing
L,ASP,119,GLN,4.297,-1.349,Decreasing
S,SER,494,MET,3.691,-0.15,Decreasing
S,ALA,475,THR,4.83,0.321,Increasing
S,LEU,452,TRP,4.34,0.73,Increasing
L,GLU,127,ARG,3.876,-0.686,Decreasing
L,ASN,128,PHE,3.247,-0.097,Decreasing
S,SER,477,VAL,4.941,-0.08,Decreasing
S,PHE,486,THR,3.213,-0.745,Decreasing
S,TYR,449,GLN,3.665,-0.983,Decreasing
S,LEU,452,MET,4.34,-0.478,Decreasing
L,PRO,82,ASN,3.88,0.125,Increasing
L,ARG,71,PHE,3.076,-0.349,Decreasing
S,PHE,490,VAL,3.29,-0.992,Decreasing
S,PHE,486,CYS,3.213,-0.966,Decreasing
S,CYS,488,ILE,3.076,-0.797,Decreasing
S,ASN,487,TYR,2.732,-0.367,Decreasing
S,PHE,456,THR,4.003,-0.597,Decreasing
L,ASN,74,ILE,2.748,-0.296,Decreasing
S,GLY,485,LYS,3.162,-1.342,Decreasing
S,PHE,490,LEU,3.29,-1.026,Decreasing
L,ASN,74,SER,2.748,0.124,Increasing
L,ARG,71,GLU,3.076,-1.225,Decreasing
L,LEU,121,GLY,3.718,-0.614,Decreasing
S,GLN,493,TRP,2.748,0.174,Increasing
S,GLY,476,MET,4.903,-0.211,Decreasing
S,LEU,455,ASN,3.718,-0.274,Decreasing
L,GLY,131,ARG,3.804,-1.378,Decreasing
S,GLN,498,VAL,4.064,-0.26,Decreasing
L,TYR,130,TRP,3.475,0.411,Increasing
S,LEU,455,THR,3.718,-0.258,Decreasing
S,VAL,483,PHE,3.88,0.072,Increasing
S,SER,477,GLN,4.941,0.06,Increasing
L,SER,79,VAL,2.652,-0.652,Decreasing
S,TYR,489,GLY,2.676,-2.551,Decreasing
S,TYR,449,ASN,3.665,-0.771,Decreasing
S,LEU,452,ASP,4.34,-0.264,Decreasing
L,PRO,82,TRP,3.88,0.572,Increasing
L,ARG,71,GLN,3.076,-2.011,Decreasing
L,ARG,77,ALA,3.29,-0.429,Decreasing
S,SER,477,LYS,4.941,0.087,Increasing
L,GLY,131,LYS,3.804,-1.284,Decreasing
S,PHE,486,GLY,3.213,-1.074,Decreasing
S,ASN,487,PRO,2.732,-0.938,Decreasing
S,PHE,490,CYS,3.29,-0.776,Decreasing
L,ASN,75,ASP,3.691,0.21,Increasing
L,ASN,120,HIS,4.661,0.129,Increasing
S,GLU,484,GLY,2.498,-1.596,Decreasing
S,GLY,496,HIS,4.978,-0.054,Decreasing
S,GLN,493,ASN,2.748,0.783,Increasing
L,ASP,51,PRO,3.665,-0.204,Decreasing
L,ARG,124,TRP,2.676,-0.168,Decreasing
L,LEU,121,THR,3.718,-0.455,Decreasing
S,GLY,496,ARG,4.978,-0.344,Decreasing
S,TYR,489,ARG,2.676,-2.264,Decreasing
L,TYR,130,PRO,3.475,-0.889,Decreasing
S,ALA,475,PHE,4.83,0.496,Increasing
L,GLU,127,ASP,3.876,0.247,Increasing
L,ASN,128,THR,3.247,-0.346,Decreasing
S,GLN,498,ILE,4.064,-0.245,Decreasing
L,SER,79,TYR,2.652,1.224,Increasing
S,SER,494,ALA,3.691,-0.114,Decreasing
S,TYR,449,GLY,3.665,-0.987,Decreasing
S,LEU,452,CYS,4.34,-0.347,Decreasing
S,PHE,486,LYS,3.213,-0.871,Decreasing
S,ASN,487,TRP,2.732,-0.2,Decreasing
L,SER,79,CYS,2.652,-0.6,Decreasing
S,PHE,486,HIS,3.213,-1.199,Decreasing
L,ASP,119,THR,4.297,-1.546,Decreasing
S,TYR,489,MET,2.676,-2.473,Decreasing
L,ASN,120,GLU,4.661,-0.168,Decreasing
